{
  "students": [
    {
      "id": 1,
      "username": "dani",
      "password": "12345",
      "name": "דני דניאל"
    },
    {
      "id": 2,
      "username": "ronit",
      "password": "99999",
      "name": "רונית שחר"
    },
    {
      "id": 3,
      "username": "gal",
      "password": "11111",
      "name": "גל גדות"
    },
    {
      "id": 4,
      "username": "semion",
      "password": "00000",
      "name": "סמיון פורלנדר"
    }
  ]
}